model,condition,case_id,risk_band,faithfulness,n_claims,unsupported,fk_grade,consistency,latency_s,words,text
gemma4:e4b,grounded,C01,low,1.0,11,0,15.69,0.634,10.7,128,"Please remember that this is decision support and not a diagnosis. The estimated probability of Parkinson's disease is 15%, which falls into a low-risk band. This estimate was influenced by several voice features: fine-grained irregularity in the voice signal and vocal-fold vibration quality lowered the estimate, while the spectral shape and dynamics of speech (articulation) raised it. Generally, changes like imprecise articulation or altered timing are what screening measures for Parkinsonian speech, which can also show reduced loudness or a monotone voice. Keep in mind that common early features of Parkinson's include tremor, slowness of movement, and muscle stiffness, but changes in speech can also occur; an estimate only indicates the strength of evidence for further assessment, not proof that the disease is present."
gemma4:e4b,ungrounded,C01,low,0.5714285714285714,7,3,14.22,0.582,8.09,100,"This screening result suggests a low risk of Parkinson's disease, with an estimated probability of 15%. This means that based on the voice analysis, the likelihood is currently low. The test looked at several aspects of your speech—some features suggested a higher possibility while others pointed toward a lower one—but overall, the system categorized your risk as low. Please remember that this is only a screening tool and not a diagnosis; you must discuss these results with your doctor who can interpret them alongside your medical history to determine if any further testing or follow-up is needed."
gemma4:e4b,grounded,C02,low,1.0,10,0,15.99,0.738,10.52,103,"This is decision support, not a diagnosis. The estimated probability of Parkinson's disease is 19%, which falls into a low risk band. While this estimate indicates the strength of evidence for further assessment—and does not mean the disease is present—the analysis noted that fine-grained irregularity in your voice and the spectral shape/dynamics of speech (articulation) lowered the estimate, while vowel resonance and loudness raised it. Generally, screening measures look at changes like reduced loudness or imprecise articulation, as common early features of Parkinson's can include changes in speech alongside other signs such as tremor or slowness of movement."
gemma4:e4b,ungrounded,C02,low,0.42857142857142855,7,4,15.94,0.487,8.39,82,"Please understand that this is only a screening tool and not a diagnosis, but overall, your risk level is considered low. Your estimated probability of Parkinson's disease is 19%, which suggests that while some aspects of your voice were noted as potentially concerning, other factors actually lowered your overall score. It is important to discuss these specific results—including the areas where your voice was strongest and weakest—with your doctor so they can interpret this information alongside a full physical examination."
gemma4:e4b,grounded,C03,low,1.0,11,0,17.33,0.779,10.65,119,"This is decision support and does not constitute a diagnosis; the estimated probability of Parkinson's disease is 16%, placing it in a low risk band. The prediction was influenced by fine-grained irregularity in the voice signal and vocal-fold vibration quality raising the estimate, while the spectral shape and dynamics of speech lowered it. It is important to know that common early features of Parkinson's include tremor or slowness of movement, and changes in speech can also occur; screening measures look for signs like reduced loudness or imprecise articulation. Remember that a risk estimate indicates the strength of evidence for further assessment, not a confirmed diagnosis, and a higher estimate means specialist review is more strongly indicated."
gemma4:e4b,ungrounded,C03,low,0.5,6,3,14.57,0.511,8.48,80,"Based on this screening, your estimated probability of Parkinson's disease is low, with a prediction of 16%. While the test noted some minor variations in your voice and vocal cord quality that slightly raised the estimate, other aspects of your speech were clear enough to balance these findings. Please remember that this tool is only an indicator and should not be used alone to make a diagnosis; we recommend discussing these results thoroughly with your doctor for proper medical evaluation."
gemma4:e4b,grounded,C04,moderate,0.9,10,1,14.23,0.687,11.01,102,"This is a decision support tool, not a diagnosis. The estimated probability of Parkinson's disease is 55%, placing you in a moderate risk band. This high estimate means specialist review is strongly indicated; it does not prove that the disease is present. Screening measures look for changes like imprecise articulation or altered timing, which are common features of Parkinsonian speech alongside potential signs such as tremor or slowness of movement. The current assessment was influenced by several voice factors: fine-grained irregularity and vocal-fold vibration quality lowered the estimate, while the spectral shape and dynamics of your speech (articulation) raised it."
gemma4:e4b,ungrounded,C04,moderate,0.5555555555555556,9,4,16.43,0.524,8.77,114,"Based on this screening test, your risk level is currently categorized as moderate, meaning there are some signs that warrant further investigation. The results indicate a 55% estimated probability of Parkinson's disease; please understand that this is a statistical estimate from a machine and is not a diagnosis. The analysis noted variations in the steadiness of your voice and certain patterns in how you articulate speech, but it also found factors that slightly reduce concern. It is very important to discuss these specific findings with your doctor or a neurologist, as they will combine this information with a full physical examination and may recommend further testing to determine the true cause of any changes."
gemma4:e4b,grounded,C05,moderate,1.0,8,0,17.68,0.733,10.33,114,"Please remember that this is clinical decision support and does not confirm a diagnosis. The estimated probability of Parkinson's disease is 52%, placing you in a moderate risk band; however, a higher estimate means specialist review is more strongly indicated, but it is not proof that the disease is present. Common early signs of Parkinson's include tremor, slowness of movement, and muscle stiffness, though changes in speech, handwriting, or facial expression can also occur. While voice-based screening measures look for changes like reduced loudness, breathy quality, or imprecise articulation, your specific analysis noted features related to spectral shape, fine-grained irregularity, and vocal-fold vibration quality that were lowering the overall estimate."
gemma4:e4b,ungrounded,C05,moderate,0.375,8,5,14.8,0.559,8.12,98,"This screening result suggests an estimated probability of Parkinson's disease is 52%, placing your risk in the moderate range. It is important to understand that this test is a screening tool and cannot provide a diagnosis; only a doctor can do that after a full evaluation. While some aspects of your voice patterns were measured, other specific details about how you speak actually helped lower the overall estimate. Because of these results, we recommend discussing this thoroughly with your healthcare provider so they can interpret these findings alongside your physical examination and determine if further testing is needed."
gemma4:e4b,grounded,C06,moderate,1.0,10,0,15.29,0.73,10.6,111,"This result is for decision support only and does not confirm a diagnosis. The estimated probability of Parkinson's disease is 54%, placing you in a moderate risk band, which suggests specialist review is more strongly indicated but is not proof that the disease is present. Speech changes are one area monitored, as Parkinsonian speech can sometimes show reduced loudness or imprecise articulation. The analysis noted conflicting signs: fine-grained irregularity raised the estimate, while spectral shape/dynamics and vowel resonance/loudness lowered it. Keep in mind that common early features of Parkinson's also include tremor, slowness of movement, and muscle stiffness, alongside potential changes in speech, handwriting, or facial expression."
gemma4:e4b,ungrounded,C06,moderate,0.7142857142857143,7,2,18.15,0.483,8.42,96,"Please understand that this is a screening estimate and not a diagnosis; it simply gives us an idea of your risk level, which is currently categorized as moderate. Your voice analysis looked at several different aspects—some features suggested areas of concern, while others indicated good vocal function—which resulted in this 54% probability. Because there are multiple factors contributing to this number, the most important next step is to discuss these results thoroughly with your doctor or a specialist who can combine this information with a full physical examination and determine if further testing is needed."
gemma4:e4b,grounded,C07,high,1.0,9,0,19.71,0.586,10.71,89,"This high-risk assessment indicates an estimated 90% probability of Parkinson's disease, suggesting that specialist review is strongly indicated for further evaluation; however, this result is decision support and does not confirm a diagnosis. The analysis shows conflicting voice signals: fine-grained irregularity in the voice signal and issues with pitch/amplitude stability raise the estimate, while the spectral shape and dynamics of speech (articulation) lower it. Clinically, Parkinsonian speech can involve reduced loudness or imprecise articulation, and common early signs include tremor, slowness of movement, or muscle stiffness."
gemma4:e4b,ungrounded,C07,high,0.5,6,3,16.04,0.443,8.31,93,"This screening test indicates a very high probability of Parkinson's disease, suggesting you are in a high-risk category. The results were primarily concerned with the stability of your voice, noting variations in pitch and volume that can be associated with motor control issues like those seen in Parkinson's. Please understand that this is only a screening tool and not a final diagnosis; it is very important that you discuss these specific findings with your doctor so they can perform a full medical evaluation and determine the next steps for care."
gemma4:e4b,grounded,C08,high,1.0,10,0,17.01,0.675,10.44,109,"Please note that this is clinical decision support and does not constitute a diagnosis. The estimated probability of Parkinson's disease is 89%, placing you in a high-risk band, which means specialist review is strongly indicated; however, this estimate only indicates the strength of evidence and is not proof of the disease. Analysis of your voice showed features like spectral shape and pitch stability that raise concern, while other factors were also considered. Clinically, Parkinsonian speech can involve reduced loudness, imprecise articulation, or altered timing, and common early signs of Parkinson's may include tremor, slowness of movement, or muscle stiffness, alongside potential changes in handwriting or facial expression."
gemma4:e4b,ungrounded,C08,high,0.5714285714285714,7,3,22.8,0.547,7.97,87,"These screening results indicate that several aspects of your voice and speech patterns—specifically related to how stable your pitch is and the clarity of your articulation—are concerning and are often associated with Parkinson's disease, resulting in a high estimated probability. Please understand that this tool provides an estimate and is not a diagnosis; therefore, it is very important that you discuss these results thoroughly with your healthcare provider so they can perform a full physical examination and determine the next steps for proper evaluation."
gemma4:e4b,grounded,C09,high,1.0,10,0,17.57,0.729,10.28,105,"This decision support tool provides an estimated probability of Parkinson's disease of 90%, placing it in a high-risk band, which indicates that specialist review is strongly suggested but does not confirm a diagnosis. The estimate was raised by observed voice characteristics, including fine-grained irregularity, issues with the spectral shape and dynamics of speech (articulation), and instability in pitch and amplitude (jitter and shimmer). Clinically, Parkinsonian speech can show imprecise articulation and altered timing; while common early features include tremor or slowness of movement, changes in speech are also possible. Remember that this risk estimate reflects the strength of evidence for further assessment only."
gemma4:e4b,ungrounded,C09,high,0.5,8,4,14.6,0.529,7.36,102,"This screening test suggests a high probability of Parkinson's disease, based on analysis of your voice. The system noted several changes in how you speak—specifically issues with the steadiness of your pitch and volume, as well as subtle irregularities in the sound and rhythm of your speech. While this result indicates a significant risk that warrants immediate attention, please remember that this is only a screening tool; it is not a final diagnosis. You must discuss these results thoroughly with your doctor so they can perform a full physical examination and determine the necessary next steps for proper medical evaluation."
phi4-mini,grounded,C01,low,1.0,8,0,19.4,0.45,7.22,128,"This is a decision support tool to help understand your risk for Parkinson’s disease based on voice analysis: Your estimated probability chance right now stands at 15%, which falls into our low-risk band; this doesn't mean you definitely have or don't have it, just that there's some evidence suggesting further assessment might be helpful if you're concerned. The way we analyzed the sound of someone's speech can sometimes hint towards Parkinson's disease by noticing certain patterns like changes in loudness and clarity when speaking (these are called voice features). Remember though: this is not a diagnosis; it's more about whether you should get checked out for possible symptoms related to Parkinson’s, which might include things beyond just your voice."
phi4-mini,ungrounded,C01,low,0.75,4,1,16.67,0.533,4.95,67,"Your screening result suggests a 15% chance that you might have Parkinson's disease, which is considered low risk for this condition right now based on your voice features alone; however, some aspects of how we analyze speech can slightly increase or decrease our estimates in different ways. Overall though, there's no immediate cause to be concerned about developing Parkinson’s at present just from these findings."
phi4-mini,grounded,C02,low,0.75,12,3,22.55,0.44,5.7,184,"This is a decision support tool to help understand your risk for Parkinson’s disease based on voice analysis results: Your estimated probability chance (19%) falls into our low-risk band; this means there's not much evidence pointing towards you having Parkinson's but it's still something worth looking at more closely by specialists if needed. The way we analyzed the sound of your speech found some features that usually aren't seen in people with Parkinson’s, which lowered risk a bit—things like how varied and dynamic it is when speaking (fine-grained irregularity), its spectral shape or dynamics during articulation—which are ways to describe voice quality—and vowel resonance as well. However, there were also certain characteristics of your speech raised the estimate slightly; these include reduced loudness in voices that can sound monotone with less variation between sounds and imprecise pronunciation which might be linked to Parkinson's disease symptoms like tremors or muscle stiffness affecting movement control including speaking movements (as mentioned by NHS guidelines). Remember, this isn't a diagnosis but an indication for further assessment."
phi4-mini,ungrounded,C02,low,0.5714285714285714,7,3,15.98,0.416,5.22,84,"Your screening result suggests a 19% chance that you might have Parkinson's disease, which is considered low risk for this condition based on your voice analysis alone. The features we looked at in your speech didn't strongly indicate or rule out Parkinson’s; they actually lowered our initial estimates because of certain irregularities and dynamics observed during the test. However, some aspects like vowel resonance were slightly higher than expected but still not enough to significantly increase risk assessment for you right now."
phi4-mini,grounded,C03,low,1.0,9,0,17.96,0.498,5.48,235,"This is a decision support tool to help understand your risk for Parkinson’s disease based on voice analysis: Your estimated probability chance right now stands at 16%, which falls into our low-risk band; this doesn't mean you definitely have or don't have it, just that there's some evidence suggesting it's worth looking more closely by specialists. The way we analyzed the sound of your speech found a few things—like unusual patterns and certain qualities—that might raise suspicion for Parkinson's disease (raising risk), but other aspects like how you're speaking sounds were less concerning in this case.  Remember: A higher estimate means you should talk to healthcare professionals about it more, not that it's confirmed. Changes you've noticed could be related to speech issues often seen with early signs of Parkinson’s—like a softer voice or difficulty pronouncing words correctly—but these alone aren't enough for diagnosis; they just suggest we might want further checks.  This tool is based on guidelines and clinical knowledge: Early symptoms can include shaking, slow movements, muscle stiffness (not necessarily linked directly to your speech), as well as changes in how you speak. But again—this isn't a final word about Parkinson's disease or any other health condition; it's just one piece of the puzzle for further assessment by doctors who specialize in these areas."
phi4-mini,ungrounded,C03,low,0.8,5,1,15.84,0.486,5.17,84,"Your screening result suggests a 16% chance that you might have Parkinson's disease, which is considered low risk for this condition based on your voice analysis alone. The features in our assessment related to irregularities and certain qualities of sound raised concerns slightly more about potential issues linked with Parkinson’s; however, other aspects like the shape dynamics during speech lowered those worries a bit. Overall though, there's no immediate cause for alarm regarding Parkinson's disease from this test result by itself."
phi4-mini,grounded,C04,moderate,0.8571428571428571,7,1,26.0,0.392,5.33,99,"This is a decision support tool to help understand your risk for Parkinson’s disease based on voice analysis results: Your estimated probability chance (55%) falls into moderate-risk band which suggests you should consider further specialist assessment but it's not confirmed diagnosis yet; this estimate was influenced by certain features in how we hear and analyze the quality of speech, like its irregularity or clarity. Remember that changes such as reduced loudness, monotone voice qualities with imprecise articulation are common early signs for Parkinson's disease which can also affect handwriting and facial expressions according to clinical guidelines."
phi4-mini,ungrounded,C04,moderate,0.8333333333333334,6,1,16.93,0.388,5.06,93,"Your screening results suggest a 55% chance that you might have Parkinson's disease, which places your risk in moderate territory according to our system. We looked at various aspects like irregularities and patterns of sound when you're speaking; some features lowered this probability while others raised it slightly due to how words are formed or the quality of vocal vibrations we detected during speech analysis. It's important that you discuss these findings with a healthcare professional for further evaluation, as they can provide more context-specific insights into your health condition."
phi4-mini,grounded,C05,moderate,0.7142857142857143,7,2,11.49,0.469,5.09,78,"This is a decision support tool: it tells us there's about 52% chance you might have Parkinson’s disease based on how your voice sounds when speaking (like its rhythm or quality). This isn't proof of having Parkinson's; it's just an indication that we should look more closely at what you're experiencing, especially since some changes in speech are common early signs. Remember to talk with a doctor for the right diagnosis and advice!"
phi4-mini,ungrounded,C05,moderate,0.6,5,2,16.71,0.423,5.06,59,"Your screening results suggest a 52% chance that you might have Parkinson's disease, which places your risk level as moderate. This assessment was influenced by certain characteristics of how we speak and sound when talking; specifically, changes in speech patterns like less distinct articulation sounds or irregular voice signals can be indicators used to estimate this probability for us."
phi4-mini,grounded,C06,moderate,1.0,7,0,26.89,0.379,5.64,117,"This is a decision support tool to help understand your risk for Parkinson’s disease based on voice analysis: Your estimated probability chance (54%) suggests you might need further specialist assessment; it's not confirmed that you'll have this condition but it indicates moderate evidence of concern, especially related to changes in how loud or clear you're speaking. Remember, having these signs doesn't mean you've definitely got the illness—it's just a clue for doctors who may want more tests because Parkinson's can affect your speech and movement early on before other symptoms appear like shaking hands (tremor), moving slowly, stiff muscles, writing differently, facial expressions changing too much or not enough."
phi4-mini,ungrounded,C06,moderate,0.8333333333333334,6,1,17.48,0.405,5.03,66,"Your screening results suggest a 54% chance that you might have Parkinson's disease, which places your risk level as moderate. The analysis focused on several aspects of how we produce speech; some features like certain patterns in pitch or rhythm lowered our concern slightly while others indicating less regularity raised it somewhat again and the way vowels sound contributed to lowering this estimate a bit more."
phi4-mini,grounded,C07,high,0.8571428571428571,7,1,24.59,0.346,5.12,115,"This is a decision support tool to help with clinical decisions: The prediction shows there's about an 90% chance you might have Parkinson's disease based on your voice features like irregularity or changes when speaking; this means it's very likely that you'll need more expert advice, but it doesn't mean for sure the person has Parkinson’s. Remember, just because a test suggests something strongly doesn’t confirm what we think is happening inside someone's body – there's always room to check things out further with specialists who know all about these conditions and symptoms like changes in speech or handwriting you might notice as early signs of this disease."
phi4-mini,ungrounded,C07,high,0.875,8,1,15.82,0.389,5.01,109,"Your screening results suggest a high probability, about 90%, that you may have Parkinson's disease based on your voice characteristics alone. The irregularities in how we hear changes when speaking are strongly indicating this condition for us; however, other aspects of speech like its shape and dynamics seem to be less indicative at the moment but still contribute significantly towards our assessment. Stability issues with pitch (jitter) or volume fluctuations can also point toward Parkinson's disease which we've noticed as well in your voice pattern. It's important that we discuss these findings further for a comprehensive understanding, considering other factors beyond just this screening result too."
phi4-mini,grounded,C08,high,0.8,10,2,20.95,0.4,5.23,95,"This is a decision support tool: it tells us there's an 89% chance that someone might have Parkinson’s disease based on their voice signals like how they speak (articulation), pitch stability issues called jitter or shimmer; however, this isn't proof of having Parkinson's—it's just strong evidence to get more expert advice. Voice changes can be early signs and include things like a softer tone when speaking, monotone voices that sound breathy with less precise speech timing which are all clues for screening measures according to clinical literature from the NHS."
phi4-mini,ungrounded,C08,high,0.5,4,2,14.88,0.377,5.09,65,"Your screening results suggest there's an 89% chance you might have Parkinson's disease, which places your risk as high. We looked at how smooth or rough your speech sounds; if it's a bit irregular it could raise concerns about Parkinson’s but also sometimes lowers them depending on other factors like pitch stability and volume consistency in what we call 'jitter' and 'shimmer'."
phi4-mini,grounded,C09,high,0.5,6,3,12.45,0.376,5.21,79,"This is a decision support tool: it tells us there's strong evidence suggesting you might have something called Parkinson's disease based on your voice signals like how steady or shaky they are when speaking (90% chance). But remember this isn't proof of having Parkinson’s; it's just that we think further expert check-up should happen. People with early signs can sometimes show changes in their speech, handwriting and facial expressions too before other symptoms appear."
phi4-mini,ungrounded,C09,high,0.8,5,1,14.71,0.466,5.05,59,"Your screening results suggest a very high probability that you may have Parkinson's disease, with an estimated chance close to 90%. This means it's important for us to discuss your symptoms in more detail since these findings are based on certain characteristics of how we analyze voice patterns and speech dynamics which can be affected by this condition."
qwen3:4b,grounded,C01,low,1.0,7,0,8.2,0.498,11.37,56,"This decision support shows a low risk of Parkinson's disease (15% chance). Some voice changes slightly increase this estimate, like speech patterns, while others decrease it, such as voice quality. Remember: this risk estimate shows how strong the evidence is for further checks, not that the disease is confirmed. This is decision support, not a diagnosis."
qwen3:4b,ungrounded,C01,low,0.6666666666666666,6,2,8.09,0.415,6.53,46,"Your screening suggests a 15% chance of Parkinson's disease, which is considered low risk. This estimate was slightly adjusted by voice patterns—some features lower the chance while others raise it. This isn't a diagnosis, and we'd discuss next steps if you're concerned."
qwen3:4b,grounded,C02,low,1.0,5,0,8.6,0.532,9.06,46,This decision support indicates a low risk (19%) for Parkinson's disease based on voice features. Some voice patterns suggest lower risk while others suggest higher risk. Note: A risk estimate like this is not a diagnosis—it shows how strong the evidence is for further checks.
qwen3:4b,ungrounded,C02,low,0.6666666666666666,6,2,15.19,0.341,6.54,60,"Your screening suggests a 19% chance of Parkinson's disease, which is considered low risk based on this test. The analysis shows some voice patterns that slightly lower this estimate, but one voice feature slightly raises it—this means the test isn't definitive and doesn't confirm Parkinson's, just indicates a possibility that needs further discussion with your doctor."
qwen3:4b,grounded,C03,low,1.0,4,0,7.58,0.402,8.8,55,"This decision support tool shows a low risk (16%) for Parkinson's disease based on voice patterns. Some small voice changes slightly increase this chance while others decrease it. Remember: this is not a diagnosis. A risk estimate like this indicates how strong the evidence is for further checks, not proof that Parkinson's is present."
qwen3:4b,ungrounded,C03,low,0.4,5,3,13.41,0.421,6.76,41,"Your screening suggests a low risk of Parkinson's disease (16% chance), which is below typical concern levels. This estimate considers subtle voice patterns that sometimes occur in Parkinson's, but your overall speech characteristics indicate a lower risk than the average."
qwen3:4b,grounded,C04,moderate,1.0,7,0,13.68,0.567,11.53,77,"This decision support says your estimated chance of Parkinson's disease is about 55% (moderate risk). The voice changes that affected this estimate include irregular voice signals (which lowers the chance), speech patterns (which raises the chance), and vocal cord movement (which lowers the chance). Remember: A risk estimate indicates the strength of evidence for further assessment, not a confirmed diagnosis. Parkinsonian speech can show reduced loudness, a monotone or breathy voice quality, imprecise articulation and altered timing."
qwen3:4b,ungrounded,C04,moderate,0.6666666666666666,6,2,12.99,0.415,6.66,49,"Your screening suggests a moderate risk of Parkinson's disease, with about a 55% chance based on your voice patterns—small voice irregularities make this estimate slightly lower, while other speech patterns and vocal quality make it higher. This is just an estimate from a screening tool, not a diagnosis."
qwen3:4b,grounded,C05,moderate,1.0,10,0,,0.548,12.5,0,
qwen3:4b,ungrounded,C05,moderate,1.0,3,0,10.91,0.473,6.58,43,"Your screening suggests a 52% chance of Parkinson's disease, which falls in the moderate risk category. However, your speech patterns—such as how your voice flows and vocal quality—make this estimate slightly less likely than it would be without these voice changes."
qwen3:4b,grounded,C06,moderate,1.0,5,0,9.09,0.482,11.96,65,"This decision support shows your speech patterns suggest a moderate risk of Parkinson's disease. Some speech features make this risk slightly lower (like clear vowel sounds and loud voice), while others make it slightly higher (like irregular speech patterns). Remember, this is not a diagnosis. As the guidelines state: ""A risk estimate indicates the strength of evidence for further assessment, not a confirmed diagnosis."""
qwen3:4b,ungrounded,C06,moderate,0.6666666666666666,6,2,13.19,0.508,6.78,65,"Your screening suggests a 54% estimated probability of Parkinson's disease, which falls in the moderate risk category. This estimate is influenced by subtle speech patterns—some irregularities in your voice slightly raise the risk while other speech characteristics slightly lower it. Remember, this is just a screening tool, not a diagnosis, and further testing would be needed to confirm or rule out Parkinson's disease."
qwen3:4b,grounded,C07,high,1.0,4,0,12.59,0.513,9.6,55,"This decision support shows a 90% risk estimate for Parkinson's disease, indicating a high likelihood that specialist review is more strongly needed. The analysis suggests voice patterns like reduced loudness, a flat or breathy tone, or speech difficulties may be contributing to this estimate. Remember: this is only a risk assessment tool, not a diagnosis."
qwen3:4b,ungrounded,C07,high,0.75,8,2,15.09,0.376,6.7,67,"Your screening shows a high risk (90%) for Parkinson's disease based on your voice patterns, which include subtle irregularities in how your voice sounds and changes in pitch and volume stability. While some speech patterns slightly lowered the estimate, the overall voice clues strongly suggest this risk, but this is just a screening tool—not a diagnosis—and your doctor will need to confirm with further tests."
qwen3:4b,grounded,C08,high,1.0,4,0,12.5,0.425,14.12,52,"This decision support indicates an 89% estimated risk for Parkinson's disease, placing it in the high risk category. The speech patterns detected—such as altered speech quality and articulation—raise this estimate. Remember: this is not a diagnosis but a tool to indicate stronger need for specialist review based on the evidence."
qwen3:4b,ungrounded,C08,high,0.6666666666666666,6,2,10.48,0.276,6.32,59,"This screening suggests you are likely to have Parkinson's disease (89% chance), based on speech patterns that show signs of the condition. While your voice has subtle irregularities that slightly lower the estimate, other speech features make it highly probable. This is just an initial check, not a diagnosis—you’ll need further tests with a specialist to confirm."
qwen3:4b,grounded,C09,high,1.0,6,0,14.59,0.501,8.97,68,"This decision support tool estimates a 90% risk of Parkinson's disease based on your voice patterns, indicating a high risk level. Remember, this is not a diagnosis but shows stronger evidence for specialist review. The voice changes detected—such as fine-grained irregularity in the voice signal, spectral shape and dynamics of speech, and pitch/amplitude stability issues—align with early Parkinson's speech features described in guidelines."
qwen3:4b,ungrounded,C09,high,0.8333333333333334,6,1,10.32,0.432,6.16,51,"Your voice shows signs that suggest a high risk for Parkinson's disease—about 90% chance based on small irregular patterns in your voice, how your speech sounds and moves, and how consistently your voice pitch and volume stay steady. This screening tool needs to talk to your doctor for next steps."
