case_id,subject,true_label,pred_prob,risk_band,prediction,top_features,correct
C01,119,control,0.15,low,Estimated probability of Parkinson's disease: 15%,fine-grained irregularity in the voice signal (lowering the estimate); the spectral shape and dynamics of speech (articulation) (raising the estimate); vocal-fold vibration quality (lowering the estimate),True
C02,209,PD,0.188,low,Estimated probability of Parkinson's disease: 19%,fine-grained irregularity in the voice signal (lowering the estimate); the spectral shape and dynamics of speech (articulation) (lowering the estimate); vowel resonance and loudness (raising the estimate),False
C03,103,control,0.163,low,Estimated probability of Parkinson's disease: 16%,fine-grained irregularity in the voice signal (raising the estimate); the spectral shape and dynamics of speech (articulation) (lowering the estimate); vocal-fold vibration quality (raising the estimate),True
C04,156,control,0.552,moderate,Estimated probability of Parkinson's disease: 55%,fine-grained irregularity in the voice signal (lowering the estimate); the spectral shape and dynamics of speech (articulation) (raising the estimate); vocal-fold vibration quality (lowering the estimate),False
C05,205,PD,0.517,moderate,Estimated probability of Parkinson's disease: 52%,the spectral shape and dynamics of speech (articulation) (lowering the estimate); fine-grained irregularity in the voice signal (lowering the estimate); vocal-fold vibration quality (lowering the estimate),True
C06,26,control,0.544,moderate,Estimated probability of Parkinson's disease: 54%,the spectral shape and dynamics of speech (articulation) (lowering the estimate); fine-grained irregularity in the voice signal (raising the estimate); vowel resonance and loudness (lowering the estimate),False
C07,34,control,0.899,high,Estimated probability of Parkinson's disease: 90%,fine-grained irregularity in the voice signal (raising the estimate); the spectral shape and dynamics of speech (articulation) (lowering the estimate); pitch and amplitude stability (jitter and shimmer) (raising the estimate),False
C08,74,PD,0.894,high,Estimated probability of Parkinson's disease: 89%,the spectral shape and dynamics of speech (articulation) (raising the estimate); fine-grained irregularity in the voice signal (lowering the estimate); pitch and amplitude stability (jitter and shimmer) (raising the estimate),True
C09,245,control,0.898,high,Estimated probability of Parkinson's disease: 90%,fine-grained irregularity in the voice signal (raising the estimate); the spectral shape and dynamics of speech (articulation) (raising the estimate); pitch and amplitude stability (jitter and shimmer) (raising the estimate),False
